{"cameraMode":{"drawMode":0,"name":"Shaded","section":"Shading Mode"},"sceneLighting":false,"audioPlay":false,"sceneViewState":{"m_AlwaysRefresh":false,"showFog":true,"showSkybox":false,"showFlares":true,"showImageEffects":true,"showParticleSystems":true,"showVisualEffectGraphs":true,"m_FxEnabled":true},"in2DMode":false,"pivot":{"x":381.9097900390625,"y":26.639488220214845,"z":7.877082824707031},"rotation":{"x":0.06681352853775025,"y":0.03711824491620064,"z":-0.002487095072865486,"w":0.9970734715461731},"size":42.300960540771487,"orthographic":false}