{"cameraMode":{"drawMode":0,"name":"Shaded","section":"Shading Mode"},"sceneLighting":false,"audioPlay":false,"sceneViewState":{"m_AlwaysRefresh":false,"showFog":true,"showSkybox":false,"showFlares":true,"showImageEffects":true,"showParticleSystems":true,"showVisualEffectGraphs":true,"m_FxEnabled":true},"in2DMode":false,"pivot":{"x":204.4788055419922,"y":223.4580535888672,"z":3.4560203552246095},"rotation":{"x":0.029404284432530404,"y":0.008706136606633664,"z":-0.0002559290442150086,"w":0.9995310306549072},"size":95.23711395263672,"orthographic":false}