{"cameraMode":{"drawMode":0,"name":"Shaded","section":"Shading Mode"},"sceneLighting":false,"audioPlay":false,"sceneViewState":{"m_AlwaysRefresh":false,"showFog":true,"showSkybox":false,"showFlares":true,"showImageEffects":true,"showParticleSystems":true,"showVisualEffectGraphs":true,"m_FxEnabled":true},"in2DMode":false,"pivot":{"x":493.9938659667969,"y":210.82330322265626,"z":6.780567169189453},"rotation":{"x":0.06236911192536354,"y":-0.00178651069290936,"z":0.00011182608432136476,"w":0.9980533719062805},"size":104.27920532226563,"orthographic":false}